Dataset,F1_measure,Accuracy,ParsingTime
Linux,0.992398,0.681000,1.051073
Average,0.992398,0.681000,1.051073
