Dataset,F1_measure,Accuracy
HDFS,0.990518,0.930000
Hadoop,0.782490,0.451000
Spark,0.479691,0.282000
Zookeeper,0.923936,0.723500
BGL,0.956032,0.587000
HPC,0.993748,0.910500
Thunderbird,0.993876,0.554000
Windows,0.913735,0.694000
Linux,0.541378,0.361000
Android,0.975017,0.794500
HealthApp,0.587935,0.266500
Apache,0.637665,0.312500
Proxifier,0.750476,0.503500
OpenSSH,0.979348,0.611500
OpenStack,0.742866,0.325500
Mac,0.892896,0.568000
